{
    "data": [
        {
            "experiment": "LeftUP",
            "user_car_size": [
                [
                    226.56,
                    257.92677248677245
                ],
                [
                    241.92000000000002,
                    275.41333333333336
                ]
            ],
            "base_size": [
                960,
                960
            ],
            "base_car_size": [
                208.23259372609027,
                237.061973986228
            ]
        },
        {
            "experiment": "RightUP",
            "user_car_size": [
                [
                    232.32,
                    264.4842328042328
                ],
                [
                    228.48,
                    260.1125925925926
                ]
            ],
            "base_size": [
                960,
                960
            ],
            "base_car_size": [
                208.23259372609027,
                237.061973986228
            ]
        }
    ]
}